song_slug,song_title,show_date,venue,city,state,show_url,set_name,set_index,segue_in,segue_out
a-chance-to-save-the-world,One Chance To Save The World,2022-06-19,6/19/22 at Mann Center for the Performing Arts,Philadelphia,PA,https://discobiscuits.net/shows/2022-06-19-mann-center-for-the-performing-arts-philadelphia-pa,Unknown,,,
a-chance-to-save-the-world,One Chance To Save The World,2022-08-26,8/26/22 at The Intersection,Grand Rapids,MI,https://discobiscuits.net/shows/2022-08-26-the-intersection-grand-rapids-mi,Unknown,,,
a-chance-to-save-the-world,One Chance To Save The World,2022-09-09,9/9/22 at Southside Stage @ XL Live,Harrisburg,PA,https://discobiscuits.net/shows/2022-09-09-southside-stage-xl-live-harrisburg-pa,Unknown,,,
a-chance-to-save-the-world,One Chance To Save The World,2022-10-01,10/1/22 at Saranac Brewery,Utica,NY,https://discobiscuits.net/shows/2022-10-01-saranac-brewery-utica-ny,Unknown,,,
a-chance-to-save-the-world,One Chance To Save The World,2022-11-11,11/11/22 at Infinity Music Hall,Hartford,CT,https://discobiscuits.net/shows/2022-11-11-infinity-music-hall-hartford-ct,Unknown,,,
a-chance-to-save-the-world,One Chance To Save The World,2023-03-11,3/11/23 at The Caverns,Pelham,TN,https://discobiscuits.net/shows/2023-03-11-the-caverns-pelham-tn,Unknown,,,
a-chance-to-save-the-world,One Chance To Save The World,2023-03-24,3/24/23 at The Capitol Theater,Port Chester,NY,https://discobiscuits.net/shows/2023-03-24-the-capitol-theater-port-chester-ny,Unknown,,,
a-chance-to-save-the-world,One Chance To Save The World,2023-03-30,3/30/23 at Belly Up Aspen,Aspen,CO,https://discobiscuits.net/shows/2023-03-30-belly-up-aspen-aspen-co,Unknown,,,
a-chance-to-save-the-world,One Chance To Save The World,2023-05-04,5/4/23 at Soul Kitchen,Mobile,AL,https://discobiscuits.net/shows/2023-05-04-soul-kitchen-mobile-al,Unknown,,,
a-chance-to-save-the-world,One Chance To Save The World,2023-05-22,5/22/23 at Harpa Concert Hall,Reykjavik,ICELAND,https://discobiscuits.net/shows/2023-05-22-harpa-concert-hall-reykjavik-iceland,Unknown,,,
a-chance-to-save-the-world,One Chance To Save The World,2023-06-17,6/17/23 at Mulcahy's,Wantagh,NY,https://discobiscuits.net/shows/2023-06-17-mulcahy-s-wantagh-ny,Unknown,,,
a-chance-to-save-the-world,One Chance To Save The World,2023-07-09,7/9/23 at Pine Creek Lodge,Livingston,MT,https://discobiscuits.net/shows/2023-07-09-pine-creek-lodge-livingston-montana,Unknown,,,
a-chance-to-save-the-world,One Chance To Save The World,2023-07-15,7/15/23 at Roseland Theater,Portland,OREGON,https://discobiscuits.net/shows/2023-07-15-roseland-theater-portland-oregon,Unknown,,,
a-chance-to-save-the-world,One Chance To Save The World,2023-08-13,8/13/23 at Bottle & Cork,Dewey Beach,DE,https://discobiscuits.net/shows/2023-08-13-bottle-cork-dewey-beach-de,Unknown,,,
a-chance-to-save-the-world,One Chance To Save The World,2023-09-23,9/23/23 at Vogue Theater,Indianapolis,IN,https://discobiscuits.net/shows/2023-09-23-vogue-theater-indianapolis-in,Unknown,,,
a-chance-to-save-the-world,One Chance To Save The World,2023-07-18,7/18/23 at Sapphire Palace at Blue Lake Casino,Blue Lake,CA,https://discobiscuits.net/shows/2023-07-18-sapphire-palace-at-blue-lake-casino-blue-lake-ca,Unknown,,,
a-chance-to-save-the-world,One Chance To Save The World,2023-10-28,10/28/23 at The Capitol Theater,Port Chester,NY,https://discobiscuits.net/shows/2023-10-28-the-capitol-theater-port-chester-ny,Unknown,,,
a-chance-to-save-the-world,One Chance To Save The World,2023-08-11,8/11/23 at Blackthorne Resort,East Durham,NY,https://discobiscuits.net/shows/2023-08-11-blackthorne-resort-east-durham-ny,Unknown,,,
a-chance-to-save-the-world,One Chance To Save The World,2023-12-01,12/1/23 at Miami Beach Bandshell,Miami Beach,FL,https://discobiscuits.net/shows/2023-12-01-miami-beach-bandshell-miami-beach-fl,Unknown,,,
a-chance-to-save-the-world,One Chance To Save The World,2024-01-25,1/25/24 at Crystal Bay Club Casino,Crystal Bay,NV,https://discobiscuits.net/shows/2024-01-24-crystal-bay-club-casino-crystal-bay-nv,Unknown,,,
a-chance-to-save-the-world,One Chance To Save The World,2024-03-15,3/15/24 at State Theater,Portland,ME,https://discobiscuits.net/shows/2024-03-15-state-theater-portland-me,Unknown,,,
a-chance-to-save-the-world,One Chance To Save The World,2024-03-29,3/29/24 at Webster Hall,New York,NY,https://discobiscuits.net/shows/2024-03-29-webster-hall-new-york-ny,Unknown,,,
a-chance-to-save-the-world,One Chance To Save The World,2024-04-02,4/2/24 at Mercury Ballroom,Louisville,KY,https://discobiscuits.net/shows/2024-04-02-mercury-ballroom-louisville-ky,Unknown,,,
a-chance-to-save-the-world,One Chance To Save The World,2024-04-06,4/6/24 at Longhorn Ballroom,Dallas,TX,https://discobiscuits.net/shows/2024-04-06-longhorn-ballroom-dallas-tx,Unknown,,,
a-chance-to-save-the-world,One Chance To Save The World,2024-04-14,4/14/24 at Lincoln Theater,Raleigh,NC,https://discobiscuits.net/shows/2024-04-13-lincoln-theater-raleigh-nc,Unknown,,,
a-chance-to-save-the-world,One Chance To Save The World,2024-07-11,7/11/24 at Freedom Arts Pavillion,Selbyville,DE,https://discobiscuits.net/shows/2024-07-10-freedom-arts-pavillion-selbyville-de,Unknown,,,
a-chance-to-save-the-world,One Chance To Save The World,2024-09-05,9/5/24 at Washingtonâ€™s,Fort Collins,CO,https://discobiscuits.net/shows/2024-09-05-washington-s-fort-collins-co,Unknown,,,
a-chance-to-save-the-world,One Chance To Save The World,2024-11-06,11/6/24 at Rams Head Live,Baltimore,MD,https://discobiscuits.net/shows/2024-11-06-rams-head-live-baltimore-md,Unknown,,,
a-chance-to-save-the-world,One Chance To Save The World,2024-11-17,11/17/24 at Paramount Theatre,Rutland,VT,https://discobiscuits.net/shows/2024-11-17-paramount-theatre-rutland-vt,Unknown,,,
a-chance-to-save-the-world,One Chance To Save The World,2024-11-24,11/24/24 at Town Ballroom,Buffalo,NY,https://discobiscuits.net/shows/2024-11-24-town-ballroom-buffalo-ny,Unknown,,,
a-chance-to-save-the-world,One Chance To Save The World,2025-01-30,1/30/25 at The Observatory,Santa Ana,CA,https://discobiscuits.net/shows/2025-01-30-the-observatory-santa-ana-ca,Unknown,,,
a-chance-to-save-the-world,One Chance To Save The World,2025-06-26,6/26/25 at The Bluestone,Columbus,OH,https://discobiscuits.net/shows/2025-06-26-the-bluestone-columbus-oh,Unknown,,,
42,42,2003-04-03,Fox Theatre,Boulder,CO,https://discobiscuits.net/shows/2003-04-03-fox-theatre-boulder-co,Unknown,,,
42,42,2003-04-05,8150,Vail,CO,https://discobiscuits.net/shows/2003-04-05-8150-vail-co,Unknown,,,
42,42,2003-04-10,Revolution Hall,Troy,NY,https://discobiscuits.net/shows/2003-04-10-revolution-hall-troy-ny,Unknown,,,
42,42,2003-04-13,Roxy Nightclub,Boston,MA,https://discobiscuits.net/shows/2003-04-13-roxy-nightclub-boston-ma,Unknown,,,
42,42,2003-04-18,Vic Theatre,Chicago,IL,https://discobiscuits.net/shows/2003-04-18-vic-theatre-chicago-il,Unknown,,,
42,42,2003-04-16,Blind Pig Ann,Arbor,MI,https://discobiscuits.net/shows/2003-04-16-blind-pig-ann-arbor-mi,Unknown,,,
42,42,2003-04-23,9 30 Club,Washington,DC,https://discobiscuits.net/shows/2003-04-23-9-30-club-washington-dc,Unknown,,,
42,42,2003-04-26,Charlotte City Fest,Charlotte,NC,https://discobiscuits.net/shows/2003-04-26-charlotte-city-fest-charlotte-nc,Unknown,,,
42,42,2003-05-04,The Riverboat Cajun Queen New,Orleans,LA,https://discobiscuits.net/shows/2003-05-04-the-riverboat-cajun-queen-new-orleans-la,Unknown,,,
42,42,2003-05-26,Penn S Landing,Philadelphia,PA,https://discobiscuits.net/shows/2003-05-26-penn-s-landing-philadelphia-pa,Unknown,,,
42,42,2003-05-31,Moose River Amphitheatre,Lyonsdale,NY,https://discobiscuits.net/shows/2003-05-31-moose-river-amphitheatre-lyonsdale-ny,Unknown,,,
42,42,2003-07-05,Plumas Country Fairgrounds,Quincy,CA,https://discobiscuits.net/shows/2003-07-05-plumas-country-fairgrounds-quincy-ca,Unknown,,,
42,42,2003-07-12,State Fair Event Center,Lewisburg,WV,https://discobiscuits.net/shows/2003-07-12-state-fair-event-center-lewisburg-wv,Unknown,,,
42,42,2003-07-26,Mishawaka Amphitheater,Bellvue,CO,https://discobiscuits.net/shows/2003-07-26-mishawaka-amphitheater-bellvue-co,Unknown,,,
42,42,2003-08-08,Amazura Ballroom,Jamaica,NY,https://discobiscuits.net/shows/2003-08-08-amazura-ballroom-jamaica-ny,Unknown,,,
42,42,2003-08-15,Trade Music Festival Farm,Trade,TN,https://discobiscuits.net/shows/2003-08-15-trade-music-festival-farm-trade-tn,Unknown,,,
42,42,2003-08-21,Crocodile Rock,Allentown,PA,https://discobiscuits.net/shows/2003-08-21-crocodile-rock-allentown-pa,Unknown,,,
42,42,2003-10-01,The Funk Box,Baltimore,MD,https://discobiscuits.net/shows/2003-10-01-the-funk-box-baltimore-md,Unknown,,,
42,42,2003-10-23,Stella Blue,Asheville,NC,https://discobiscuits.net/shows/2003-10-23-stella-blue-asheville-nc,Unknown,,,
42,42,2003-10-30,The Parish New,Orleans,LA,https://discobiscuits.net/shows/2003-10-30-the-parish-new-orleans-la,Unknown,,,
42,42,2003-12-31,Hammerstein Ballroom New,York,NY,https://discobiscuits.net/shows/2003-12-31-hammerstein-ballroom-new-york-ny,Unknown,,,
42,42,2003-11-28,Webster Theater,Hartford,CT,https://discobiscuits.net/shows/2003-11-28-webster-theater-hartford-ct,Unknown,,,
42,42,2004-01-12,Imperial Majesty Regal Empress The Open,Seas,FL,https://discobiscuits.net/shows/2004-01-12-imperial-majesty-regal-empress-the-open-seas-fl,Unknown,,,
42,42,2004-01-16,Culture Room Fort,Lauderdale,FL,https://discobiscuits.net/shows/2004-01-16-culture-room-fort-lauderdale-fl,Unknown,,,
42,42,2004-05-07,Palace Theater,Albany,NY,https://discobiscuits.net/shows/2004-05-07-palace-theater-albany-ny,Unknown,,,
42,42,2004-10-01,Mcdonough Gymnasium At Georgetown University,Washington,DC,https://discobiscuits.net/shows/2004-10-01-mcdonough-gymnasium-at-georgetown-university-washington-dc,Unknown,,,
42,42,2004-11-27,Starland Ballroom,Sayreville,NJ,https://discobiscuits.net/shows/2004-11-27-starland-ballroom-sayreville-nj,Unknown,,,
42,42,2004-12-29,Electric Factory,Philadelphia,PA,https://discobiscuits.net/shows/2004-12-29-electric-factory-philadelphia-pa,Unknown,,,
42,42,2004-12-30,Electric Factory,Philadelphia,PA,https://discobiscuits.net/shows/2004-12-30-electric-factory-philadelphia-pa,Unknown,,,
42,42,2005-03-24,Starland Ballroom,Sayreville,NJ,https://discobiscuits.net/shows/2005-03-24-starland-ballroom-sayreville-nj,Unknown,,,
42,42,2005-07-23,Stone Pony Asbury,Park,NJ,https://discobiscuits.net/shows/2005-07-23-stone-pony-asbury-park-nj,Unknown,,,
42,42,2005-11-19,The Music Box At The Borgata Hotel And Casino Atlantic,City,NJ,https://discobiscuits.net/shows/2005-11-19-the-music-box-at-the-borgata-hotel-and-casino-atlantic-city-nj,Unknown,,,
42,42,2005-12-28,Tower Theater Upper,Darby,PA,https://discobiscuits.net/shows/2005-12-28-tower-theater-upper-darby-pa,Unknown,,,
42,42,2005-12-31,Hammerstein Ballroom New,York,NY,https://discobiscuits.net/shows/2005-12-31-hammerstein-ballroom-new-york-ny,Unknown,,,
42,42,2006-02-25,Starland Ballroom,Sayreville,NJ,https://discobiscuits.net/shows/2006-02-25-starland-ballroom-sayreville-nj,Unknown,,,
42,42,2006-03-21,The Old Hall,Amsterdam,HOLLAND,https://discobiscuits.net/shows/2006-03-21-the-old-hall-amsterdam-holland,Unknown,,,
42,42,2006-04-15,Higher Ground S,Burlington,VT,https://discobiscuits.net/shows/2006-04-15-higher-ground-s-burlington-vt,Unknown,,,
42,42,2006-04-30,Exit Inn,Nashville,TN,https://discobiscuits.net/shows/2006-04-30-exit-inn-nashville-tn,Unknown,,,
42,42,2006-04-22,Neighborhood Theater,Charlotte,NC,https://discobiscuits.net/shows/2006-04-22-neighborhood-theater-charlotte-nc,Unknown,,,
42,42,2006-05-04,Barrymore Theater,Madison,WI,https://discobiscuits.net/shows/2006-05-04-barrymore-theater-madison-wi,Unknown,,,
42,42,2006-05-28,Electric Factory,Philadelphia,PA,https://discobiscuits.net/shows/2006-05-28-electric-factory-philadelphia-pa,Unknown,,,
42,42,2006-06-08,Wakarusa Festival,Lawrence,KS,https://discobiscuits.net/shows/2006-06-08-wakarusa-festival-lawrence-ks,Unknown,,,
42,42,2006-06-16,Bonnaroo Music Festival,Manchester,TN,https://discobiscuits.net/shows/2006-06-16-bonnaroo-music-festival-manchester-tn,Unknown,,,
42,42,2006-06-26,Norva Theater,Norfolk,VA,https://discobiscuits.net/shows/2006-06-26-norva-theater-norfolk-va,Unknown,,,
42,42,2006-07-02,Plumas Country Fairgrounds,Quincy,CA,https://discobiscuits.net/shows/2006-07-02-plumas-country-fairgrounds-quincy-ca,Unknown,,,
42,42,2006-08-26,Hunter Mountain Ski Lodge,Hunter,NY,https://discobiscuits.net/shows/2006-08-26-hunter-mountain-ski-lodge-hunter-ny,Unknown,,,
42,42,2006-10-19,The Stundent Pavillion At Washington Lee University,Lexington,VA,https://discobiscuits.net/shows/2006-10-19-the-stundent-pavillion-at-washington-lee-university-lexington-va,Unknown,,,
42,42,2006-11-01,State Theater,Ithaca,NY,https://discobiscuits.net/shows/2006-11-01-state-theater-ithaca-ny,Unknown,,,
42,42,2006-11-12,House Of Blues,Cleveland,OH,https://discobiscuits.net/shows/2006-11-12-house-of-blues-cleveland-oh,Unknown,,,
42,42,2006-11-17,Grenada Theatre,Lawrence,KS,https://discobiscuits.net/shows/2006-11-17-grenada-theatre-lawrence-ks,Unknown,,,
42,42,2006-11-22,Variety Playhouse,Atlanta,GA,https://discobiscuits.net/shows/2006-11-22-variety-playhouse-atlanta-ga,Unknown,,,
42,42,2006-12-04,House Of Blues San,Diego,CA,https://discobiscuits.net/shows/2006-12-04-house-of-blues-san-diego-ca,Unknown,,,
42,42,2006-12-31,Tweeter Center At The Waterfront,Camden,NJ,https://discobiscuits.net/shows/2006-12-31-tweeter-center-at-the-waterfront-camden-nj,Unknown,,,
42,42,2007-02-16,Starland Ballroom,Sayreville,NJ,https://discobiscuits.net/shows/2007-02-16-starland-ballroom-sayreville-nj,Unknown,,,
42,42,2007-03-10,Langerado Music Festival,Sunrise,FL,https://discobiscuits.net/shows/2007-03-10-langerado-music-festival-sunrise-fl,Unknown,,,
42,42,2007-04-22,Vic Theatre,Chicago,IL,https://discobiscuits.net/shows/2007-04-22-vic-theatre-chicago-il,Unknown,,,
42,42,2007-06-09,Ft Armistead Park,Baltimore,MD,https://discobiscuits.net/shows/2007-06-09-ft-armistead-park-baltimore-md,Unknown,,,
42,42,2007-06-29,Lincoln Theatre Street Stage,Raleigh,NC,https://discobiscuits.net/shows/2007-06-29-lincoln-theatre-street-stage-raleigh-nc,Unknown,,,
42,42,2007-07-10,House Of Blues West,Hollywood,CA,https://discobiscuits.net/shows/2007-07-10-house-of-blues-west-hollywood-ca,Unknown,,,
42,42,2007-07-15,Trancegression Copper,Mountain,CO,https://discobiscuits.net/shows/2007-07-15-trancegression-copper-mountain-co,Unknown,,,
42,42,2007-10-10,State Theatre St,Petersburg,FL,https://discobiscuits.net/shows/2007-10-10-state-theatre-st-petersburg-fl,Unknown,,,
42,42,2007-10-15,New Daisy Theatre,Memphis,TN,https://discobiscuits.net/shows/2007-10-15-new-daisy-theatre-memphis-tn,Unknown,,,
42,42,2007-10-19,Canopy Club,Urbana,IL,https://discobiscuits.net/shows/2007-10-19-canopy-club-urbana-il,Unknown,,,
42,42,2007-10-25,Toad S Place Richmond,Richmond,VA,https://discobiscuits.net/shows/2007-10-25-toad-s-place-richmond-richmond-va,Unknown,,,
42,42,2007-11-02,Newport Music Hall,Columbus,OH,https://discobiscuits.net/shows/2007-11-02-newport-music-hall-columbus-oh,Unknown,,,
42,42,2007-12-14,Caribbean Holidaze Runaway,Bay,JAMAICA,https://discobiscuits.net/shows/2007-12-14-caribbean-holidaze-runaway-bay-jamaica,Unknown,,,
42,42,2007-12-29,Hammerstein Ballroom New,York,NY,https://discobiscuits.net/shows/2007-12-29-hammerstein-ballroom-new-york-ny,Unknown,,,
42,42,2008-01-18,The Fillmore Auditorium,Denver,CO,https://discobiscuits.net/shows/2008-01-18-the-fillmore-auditorium-denver-co,Unknown,,,
42,42,2008-03-13,King Tut S Wah Wah Hut,Glasgow,SCOTLAND,https://discobiscuits.net/shows/2008-03-13-king-tut-s-wah-wah-hut-glasgow-scotland,Unknown,,,
42,42,2008-03-18,The Max,Amsterdam,HOLLAND,https://discobiscuits.net/shows/2008-03-18-the-max-amsterdam-holland,Unknown,,,
42,42,2008-04-04,Lupo S Heartbreak Hotel,Providence,RI,https://discobiscuits.net/shows/2008-04-04-lupo-s-heartbreak-hotel-providence-ri,Unknown,,,
42,42,2008-04-12,Nokia Theater New,York,NY,https://discobiscuits.net/shows/2008-04-12-nokia-theater-new-york-ny,Unknown,,,
42,42,2008-12-14,Caribbean Holidaze Runaway,Bay,JAMAICA,https://discobiscuits.net/shows/2008-12-14-caribbean-holidaze-runaway-bay-jamaica,Unknown,,,
42,42,2008-07-17,Indian Lookout Country Club,Mariaville,NY,https://discobiscuits.net/shows/2008-07-17-indian-lookout-country-club-mariaville-ny,Unknown,,,
42,42,2009-02-15,Liberty Hall,Lawrence,KS,https://discobiscuits.net/shows/2009-02-15-liberty-hall-lawrence-ks,Unknown,,,
42,42,2009-04-18,Electric Factory,Philadelphia,PA,https://discobiscuits.net/shows/2009-04-18-electric-factory-philadelphia-pa,Unknown,,,
42,42,2008-04-20,The Orange Peel,Asheville,NC,https://discobiscuits.net/shows/2008-04-20-the-orange-peel-asheville-nc,Unknown,,,
42,42,2009-06-06,Ft Armistead Park,Baltimore,MD,https://discobiscuits.net/shows/2009-06-06-ft-armistead-park-baltimore-md,Unknown,,,
42,42,2009-10-10,The Calvin,Northampton,MA,https://discobiscuits.net/shows/2009-10-10-the-calvin-northampton-ma,Unknown,,,
42,42,2008-05-24,Electric Factory,Philadelphia,PA,https://discobiscuits.net/shows/2008-05-24-electric-factory-philadelphia-pa,Unknown,,,
42,42,2010-12-28,Terminal 5 New,York,NY,https://discobiscuits.net/shows/2010-12-28-terminal-5-new-york-ny,Unknown,,,
42,42,2017-06-01,Ogden Theater,Denver,CO,https://discobiscuits.net/shows/2017-06-01-ogden-theater-denver-co,Unknown,,,
42,42,2018-10-20,The Palladium,Worcester,MA,https://discobiscuits.net/shows/2018-10-20-the-palladium-worcester-ma,Unknown,,,
42,42,2018-12-29,The Fillmore,Philadelphia,PA,https://discobiscuits.net/shows/2018-12-29-the-fillmore-philadelphia-pa,Unknown,,,
42,42,2020-01-03,The Riviera Theater,Chicago,IL,https://discobiscuits.net/shows/2020-01-03-the-riviera-theater-chicago-il,Unknown,,,
42,42,2025-07-11,The Strand Theater,Providence,RI,https://discobiscuits.net/shows/2025-07-11-the-strand-theater-providence-ri,Unknown,,,
7-11,7-11,2000-03-11,Wetlands Preserve New,York,NY,https://discobiscuits.net/shows/2000-03-11-wetlands-preserve-new-york-ny,Unknown,,,
7-11,7-11,2000-04-15,Recher Theatre,Towson,MD,https://discobiscuits.net/shows/2000-04-15-recher-theatre-towson-md,Unknown,,,
7-11,7-11,2000-04-22,Keene State College,Keene,NH,https://discobiscuits.net/shows/2000-04-22-keene-state-college-keene-nh,Unknown,,,
7-11,7-11,2000-04-29,Trocadero,Philadelphia,PA,https://discobiscuits.net/shows/2000-04-29-trocadero-philadelphia-pa,Unknown,,,
7-11,7-11,2000-05-20,All Good Festival Buffalo Gap Camping Ground Capon,Bridge,WV,https://discobiscuits.net/shows/2000-05-20-all-good-festival-buffalo-gap-camping-ground-capon-bridge-wv,Unknown,,,
7-11,7-11,2000-08-26,Saw Mill Ski Area,Morris,PA,https://discobiscuits.net/shows/2000-08-26-saw-mill-ski-area-morris-pa,Unknown,,,
7-11,7-11,2001-06-27,Lisa Klein S House Cherry,Hill,NJ,https://discobiscuits.net/shows/2001-06-27-lisa-klein-s-house-cherry-hill-nj,Unknown,,,
7-11,7-11,2001-06-29,Gathering Of The Vibes Red,Hook,NY,https://discobiscuits.net/shows/2001-06-29-gathering-of-the-vibes-red-hook-ny,Unknown,,,
7-11,7-11,2001-07-05,Mishawaka Amphitheater,Bellvue,CO,https://discobiscuits.net/shows/2001-07-05-mishawaka-amphitheater-bellvue-co,Unknown,,,
7-11,7-11,2001-08-25,Kahunaville,Wilmington,DE,https://discobiscuits.net/shows/2001-08-25-kahunaville-wilmington-de,Unknown,,,
7-11,7-11,2001-08-08,The Boom Boom Room San,Francisco,CA,https://discobiscuits.net/shows/2001-08-08-the-boom-boom-room-san-francisco-ca,Unknown,,,
7-11,7-11,2001-09-02,Wetlands Preserve New,York,NY,https://discobiscuits.net/shows/2001-09-02-wetlands-preserve-new-york-ny,Unknown,,,
7-11,7-11,2001-09-06,Higher Ground S,Burlington,VT,https://discobiscuits.net/shows/2001-09-06-higher-ground-s-burlington-vt,Unknown,,,
7-11,7-11,2001-09-07,Saratoga Winners,Cohoes,NY,https://discobiscuits.net/shows/2001-09-07-saratoga-winners-cohoes-ny,Unknown,,,
7-11,7-11,2001-09-09,State Theater New,Brunswick,NJ,https://discobiscuits.net/shows/2001-09-09-state-theater-new-brunswick-nj,Unknown,,,
7-11,7-11,2001-09-14,The Rave,Milwaukee,WI,https://discobiscuits.net/shows/2001-09-14-the-rave-milwaukee-wi,Unknown,,,
7-11,7-11,2001-09-21,Gothic Theater,Englewood,CO,https://discobiscuits.net/shows/2001-09-21-gothic-theater-englewood-co,Unknown,,,
7-11,7-11,2001-09-15,Vic Theatre,Chicago,IL,https://discobiscuits.net/shows/2001-09-15-vic-theatre-chicago-il,Unknown,,,
7-11,7-11,2001-09-25,Cajun House,Scottsdale,AZ,https://discobiscuits.net/shows/2001-09-25-cajun-house-scottsdale-az,Unknown,,,
7-11,7-11,2001-09-27,El Rey Theater Los,Angeles,CA,https://discobiscuits.net/shows/2001-09-27-el-rey-theater-los-angeles-ca,Unknown,,,
7-11,7-11,2001-09-30,The Galaxy Theatre Santa,Ana,CA,https://discobiscuits.net/shows/2001-09-30-the-galaxy-theatre-santa-ana-ca,Unknown,,,
7-11,7-11,2001-10-14,Asagiri Arena,Asagiri,JAPAN,https://discobiscuits.net/shows/2001-10-14-asagiri-arena-asagiri-japan,Unknown,,,
7-11,7-11,2001-11-02,Crystal Ballroom,Portland,OR,https://discobiscuits.net/shows/2001-11-02-crystal-ballroom-portland-or,Unknown,,,
7-11,7-11,2001-12-01,The Roxy,Atlanta,GA,https://discobiscuits.net/shows/2001-12-01-the-roxy-atlanta-ga,Unknown,,,
7-11,7-11,2001-12-07,9 30 Club,Washington,DC,https://discobiscuits.net/shows/2001-12-07-9-30-club-washington-dc,Unknown,,,
7-11,7-11,2001-12-29,Roseland Ballroom New,York,NY,https://discobiscuits.net/shows/2001-12-29-roseland-ballroom-new-york-ny,Unknown,,,
7-11,7-11,2002-03-09,Whisky A Go Go Los,Angeles,CA,https://discobiscuits.net/shows/2002-03-09-whisky-a-go-go-los-angeles-ca,Unknown,,,
7-11,7-11,2002-04-12,Tower Theater Upper,Darby,PA,https://discobiscuits.net/shows/2002-04-12-tower-theater-upper-darby-pa,Unknown,,,
7-11,7-11,2002-04-15,The Vanderbilt,Plainview,NY,https://discobiscuits.net/shows/2002-04-15-the-vanderbilt-plainview-ny,Unknown,,,
7-11,7-11,2002-04-19,Royal Oak Theater,Detroit,MI,https://discobiscuits.net/shows/2002-04-19-royal-oak-theater-detroit-mi,Unknown,,,
7-11,7-11,2002-04-20,Barrymore Theater,Madison,WI,https://discobiscuits.net/shows/2002-04-20-barrymore-theater-madison-wi,Unknown,,,
7-11,7-11,2002-04-23,Canopy Club,Urbana,IL,https://discobiscuits.net/shows/2002-04-23-canopy-club-urbana-il,Unknown,,,
7-11,7-11,2002-04-26,Memorial Gymnasium University Of Virginia,Charlottesville,VA,https://discobiscuits.net/shows/2002-04-26-memorial-gymnasium-university-of-virginia-charlottesville-va,Unknown,,,
7-11,7-11,2002-05-03,Tipitina S New,Orleans,LA,https://discobiscuits.net/shows/2002-05-03-tipitina-s-new-orleans-la,Unknown,,,
7-11,7-11,2002-08-07,Tussey Mountain Amphitheater,Boalsburg,PA,https://discobiscuits.net/shows/2002-08-07-tussey-mountain-amphitheater-boalsburg-pa,Unknown,,,
7-11,7-11,2002-08-17,Webster Theater,Hartford,CT,https://discobiscuits.net/shows/2002-08-17-webster-theater-hartford-ct,Unknown,,,
7-11,7-11,2002-08-23,Salansky Farms Union,Dale,PA,https://discobiscuits.net/shows/2002-08-23-salansky-farms-union-dale-pa,Unknown,,,
7-11,7-11,2002-08-24,Salansky Farms Union,Dale,PA,https://discobiscuits.net/shows/2002-08-24-salansky-farms-union-dale-pa,Unknown,,,
7-11,7-11,2002-09-28,Belly Up Tavern Solana,Beach,CA,https://discobiscuits.net/shows/2002-09-28-belly-up-tavern-solana-beach-ca,Unknown,,,
7-11,7-11,2002-10-10,Engine Room,Houston,TX,https://discobiscuits.net/shows/2002-10-10-engine-room-houston-tx,Unknown,,,
7-11,7-11,2002-10-15,Twilight,Tampa,FL,https://discobiscuits.net/shows/2002-10-15-twilight-tampa-fl,Unknown,,,
7-11,7-11,2002-10-16,Palace Theater,Gainesville,FL,https://discobiscuits.net/shows/2002-10-16-palace-theater-gainesville-fl,Unknown,,,
7-11,7-11,2002-10-19,Georgia Theater,Athens,GA,https://discobiscuits.net/shows/2002-10-19-georgia-theater-athens-ga,Unknown,,,
7-11,7-11,2002-10-26,The Vanderbilt,Plainview,NY,https://discobiscuits.net/shows/2002-10-26-the-vanderbilt-plainview-ny,Unknown,,,
7-11,7-11,2002-10-31,Patrick Gymnasium University Of Vermont,Burlington,VT,https://discobiscuits.net/shows/2002-10-31-patrick-gymnasium-university-of-vermont-burlington-vt,Unknown,,,
7-11,7-11,2002-11-06,The Odeon,Cleveland,OH,https://discobiscuits.net/shows/2002-11-06-the-odeon-cleveland-oh,Unknown,,,
7-11,7-11,2002-11-09,Vic Theatre,Chicago,IL,https://discobiscuits.net/shows/2002-11-09-vic-theatre-chicago-il,Unknown,,,
7-11,7-11,2002-12-31,Electric Factory,Philadelphia,PA,https://discobiscuits.net/shows/2002-12-31-electric-factory-philadelphia-pa,Unknown,,,
7-11,7-11,2003-04-13,Roxy Nightclub,Boston,MA,https://discobiscuits.net/shows/2003-04-13-roxy-nightclub-boston-ma,Unknown,,,
7-11,7-11,2003-04-22,Recher Theatre,Towson,MD,https://discobiscuits.net/shows/2003-04-22-recher-theatre-towson-md,Unknown,,,
7-11,7-11,2003-07-12,State Fair Event Center,Lewisburg,WV,https://discobiscuits.net/shows/2003-07-12-state-fair-event-center-lewisburg-wv,Unknown,,,
7-11,7-11,2003-04-27,The Spot,Boone,NC,https://discobiscuits.net/shows/2003-04-27-the-spot-boone-nc,Unknown,,,
7-11,7-11,2003-05-28,The Conduit,Trenton,NJ,https://discobiscuits.net/shows/2003-05-28-the-conduit-trenton-nj,Unknown,,,
7-11,7-11,2003-07-24,Cervantes Masterpiece Ballroom,Denver,CO,https://discobiscuits.net/shows/2003-07-24-cervantes-masterpiece-ballroom-denver-co,Unknown,,,
7-11,7-11,2003-08-13,The Nation,Washington,DC,https://discobiscuits.net/shows/2003-08-13-the-nation-washington-dc,Unknown,,,
7-11,7-11,2003-08-22,The Bay Center Dewey,Beach,DE,https://discobiscuits.net/shows/2003-08-22-the-bay-center-dewey-beach-de,Unknown,,,
7-11,7-11,2003-09-29,Club Tinks,Scranton,PA,https://discobiscuits.net/shows/2003-09-29-club-tinks-scranton-pa,Unknown,,,
7-11,7-11,2003-10-25,3Rd And Lindsley,Nashville,TN,https://discobiscuits.net/shows/2003-10-25-3rd-and-lindsley-nashville-tn,Unknown,,,
7-11,7-11,2003-12-30,Northern Lights Clifton,Park,NY,https://discobiscuits.net/shows/2003-12-30-northern-lights-clifton-park-ny,Unknown,,,
7-11,7-11,2004-07-10,Marvin S Mountaintop,Masontown,WV,https://discobiscuits.net/shows/2004-07-10-marvin-s-mountaintop-masontown-wv,Unknown,,,
7-11,7-11,2004-09-03,B B King S Blues Club New,York,NY,https://discobiscuits.net/shows/2004-09-03-b-b-king-s-blues-club-new-york-ny,Unknown,,,
7-11,7-11,2004-12-27,Palace Theater,Albany,NY,https://discobiscuits.net/shows/2004-12-27-palace-theater-albany-ny,Unknown,,,
7-11,7-11,2004-12-30,Electric Factory,Philadelphia,PA,https://discobiscuits.net/shows/2004-12-30-electric-factory-philadelphia-pa,Unknown,,,
7-11,7-11,2005-03-25,Starland Ballroom,Sayreville,NJ,https://discobiscuits.net/shows/2005-03-25-starland-ballroom-sayreville-nj,Unknown,,,
7-11,7-11,2005-07-23,Stone Pony Asbury,Park,NJ,https://discobiscuits.net/shows/2005-07-23-stone-pony-asbury-park-nj,Unknown,,,
7-11,7-11,2005-12-29,Tower Theater Upper,Darby,PA,https://discobiscuits.net/shows/2005-12-29-tower-theater-upper-darby-pa,Unknown,,,
7-11,7-11,2006-02-23,Starland Ballroom,Sayreville,NJ,https://discobiscuits.net/shows/2006-02-23-starland-ballroom-sayreville-nj,Unknown,,,
7-11,7-11,2006-03-11,Langerado Music Festival,Sunrise,FL,https://discobiscuits.net/shows/2006-03-11-langerado-music-festival-sunrise-fl,Unknown,,,
7-11,7-11,2006-03-21,The Old Hall,Amsterdam,HOLLAND,https://discobiscuits.net/shows/2006-03-21-the-old-hall-amsterdam-holland,Unknown,,,
7-11,7-11,2006-04-22,Neighborhood Theater,Charlotte,NC,https://discobiscuits.net/shows/2006-04-22-neighborhood-theater-charlotte-nc,Unknown,,,
7-11,7-11,2006-04-28,Georgia Theater,Athens,GA,https://discobiscuits.net/shows/2006-04-28-georgia-theater-athens-ga,Unknown,,,
7-11,7-11,2006-06-10,The Lawn White River State Park,Indianapolis,IN,https://discobiscuits.net/shows/2006-06-10-the-lawn-white-river-state-park-indianapolis-in,Unknown,,,
7-11,7-11,2006-08-25,Hunter Mountain Ski Lodge,Hunter,NY,https://discobiscuits.net/shows/2006-08-25-hunter-mountain-ski-lodge-hunter-ny,Unknown,,,
7-11,7-11,2006-08-26,Hunter Mountain Ski Lodge,Hunter,NY,https://discobiscuits.net/shows/2006-08-26-hunter-mountain-ski-lodge-hunter-ny,Unknown,,,
7-11,7-11,2006-11-02,Water Street Music Hall,Rochester,NY,https://discobiscuits.net/shows/2006-11-02-water-street-music-hall-rochester-ny,Unknown,,,
7-11,7-11,2006-11-15,The Blue Note,Columbia,MO,https://discobiscuits.net/shows/2006-11-15-the-blue-note-columbia-mo,Unknown,,,
7-11,7-11,2007-04-22,Vic Theatre,Chicago,IL,https://discobiscuits.net/shows/2007-04-22-vic-theatre-chicago-il,Unknown,,,
7-11,7-11,2006-11-21,The New Daisy Theater,Memphis,TN,https://discobiscuits.net/shows/2006-11-21-the-new-daisy-theater-memphis-tn,Unknown,,,
7-11,7-11,2007-05-24,Highline Ballroom New,York,NY,https://discobiscuits.net/shows/2007-05-24-highline-ballroom-new-york-ny,Unknown,,,
7-11,7-11,2006-12-28,Sonar Lounge,Baltimore,MD,https://discobiscuits.net/shows/2006-12-28-sonar-lounge-baltimore-md,Unknown,,,
7-11,7-11,2007-10-26,Rams Head Live,Baltimore,MD,https://discobiscuits.net/shows/2007-10-26-rams-head-live-baltimore-md,Unknown,,,
7-11,7-11,2009-09-25,The Tabernacle,Atlanta,GA,https://discobiscuits.net/shows/2009-09-25-the-tabernacle-atlanta-ga,Unknown,,,
7-11,7-11,2013-07-11,Indian Lookout Country Club,Mariaville,NY,https://discobiscuits.net/shows/2013-07-11-indian-lookout-country-club-mariaville-ny,Unknown,,,
7-11,7-11,2018-05-24,Ogden Theater,Denver,CO,https://discobiscuits.net/shows/2018-05-24-ogden-theater-denver-co,Unknown,,,
7-11,7-11,2018-11-23,Palace Theater,Albany,NY,https://discobiscuits.net/shows/2018-11-23-palace-theater-albany-ny,Unknown,,,
7-11,7-11,2018-12-28,The Fillmore,Philadelphia,PA,https://discobiscuits.net/shows/2018-12-28-the-fillmore-philadelphia-pa,Unknown,,,
7-11,7-11,2025-07-11,The Strand Theater,Providence,RI,https://discobiscuits.net/shows/2025-07-11-the-strand-theater-providence-ri,Unknown,,,
above-the-waves,Above The Waves,1998-12-29,Wetlands Preserve New,York,NY,https://discobiscuits.net/shows/1998-12-29-wetlands-preserve-new-york-ny,Unknown,,,
above-the-waves,Above The Waves,1998-12-31,Silk City Diner,Philadelphia,PA,https://discobiscuits.net/shows/1998-12-31-silk-city-diner-philadelphia-pa,Unknown,,,
above-the-waves,Above The Waves,1999-01-18,Crowbar State,College,PA,https://discobiscuits.net/shows/1999-01-18-crowbar-state-college-pa,Unknown,,,
above-the-waves,Above The Waves,1999-01-21,The Haunt,Ithaca,NY,https://discobiscuits.net/shows/1999-01-21-the-haunt-ithaca-ny,Unknown,,,
above-the-waves,Above The Waves,1999-01-22,Tammany Hall,Worcester,MA,https://discobiscuits.net/shows/1999-01-22-tammany-hall-worcester-ma,Unknown,,,
above-the-waves,Above The Waves,1999-01-24,Center For The Arts,Natick,MA,https://discobiscuits.net/shows/1999-01-24-center-for-the-arts-natick-ma,Unknown,,,
above-the-waves,Above The Waves,1999-01-27,Rec Room,Towson,MD,https://discobiscuits.net/shows/1999-01-27-rec-room-towson-md,Unknown,,,
above-the-waves,Above The Waves,1999-01-29,Friar Tuck S,Norfolk,VA,https://discobiscuits.net/shows/1999-01-29-friar-tuck-s-norfolk-va,Unknown,,,
above-the-waves,Above The Waves,1999-02-01,Bessie S,Wilmington,NC,https://discobiscuits.net/shows/1999-02-01-bessie-s-wilmington-nc,Unknown,,,
above-the-waves,Above The Waves,1999-02-03,The Brewery,Raleigh,NC,https://discobiscuits.net/shows/1999-02-03-the-brewery-raleigh-nc,Unknown,,,
above-the-waves,Above The Waves,1999-02-05,Jack Straw S,Charlotte,NC,https://discobiscuits.net/shows/1999-02-05-jack-straw-s-charlotte-nc,Unknown,,,
above-the-waves,Above The Waves,1999-02-09,Newby S,Memphis,TN,https://discobiscuits.net/shows/1999-02-09-newby-s-memphis-tn,Unknown,,,
above-the-waves,Above The Waves,1999-02-11,Jimmy S New,Orleans,LA,https://discobiscuits.net/shows/1999-02-11-jimmy-s-new-orleans-la,Unknown,,,
above-the-waves,Above The Waves,1999-02-13,Home Bar,Dallas,TX,https://discobiscuits.net/shows/1999-02-13-home-bar-dallas-tx,Unknown,,,
above-the-waves,Above The Waves,1999-02-16,Cajun House,Scottsdale,AZ,https://discobiscuits.net/shows/1999-02-16-cajun-house-scottsdale-az,Unknown,,,
above-the-waves,Above The Waves,1999-02-20,14 Below Los,Angeles,CA,https://discobiscuits.net/shows/1999-02-20-14-below-los-angeles-ca,Unknown,,,
above-the-waves,Above The Waves,1999-02-26,Last Day Saloon San,Francisco,CA,https://discobiscuits.net/shows/1999-02-26-last-day-saloon-san-francisco-ca,Unknown,,,
above-the-waves,Above The Waves,1999-03-01,Britt Ballroom Southern Oregon University,Ashland,OR,https://discobiscuits.net/shows/1999-03-01-britt-ballroom-southern-oregon-university-ashland-or,Unknown,,,
above-the-waves,Above The Waves,1999-03-04,The Tractor,Seattle,WA,https://discobiscuits.net/shows/1999-03-04-the-tractor-seattle-wa,Unknown,,,
above-the-waves,Above The Waves,1999-03-08,Tom Grainey S,Boise,ID,https://discobiscuits.net/shows/1999-03-08-tom-grainey-s-boise-id,Unknown,,,
above-the-waves,Above The Waves,1999-03-13,Starlight Fort,Collins,CO,https://discobiscuits.net/shows/1999-03-13-starlight-fort-collins-co,Unknown,,,
above-the-waves,Above The Waves,1999-03-18,Cabooze On The West Bank,Minneapolis,MN,https://discobiscuits.net/shows/1999-03-18-cabooze-on-the-west-bank-minneapolis-mn,Unknown,,,
above-the-waves,Above The Waves,1999-03-21,Schuba S,Chicago,IL,https://discobiscuits.net/shows/1999-03-21-schuba-s-chicago-il,Unknown,,,
above-the-waves,Above The Waves,1999-03-27,Graffiti Showcase,Pittsburgh,PA,https://discobiscuits.net/shows/1999-03-27-graffiti-showcase-pittsburgh-pa,Unknown,,,
above-the-waves,Above The Waves,1999-04-09,Trocadero,Philadelphia,PA,https://discobiscuits.net/shows/1999-04-09-trocadero-philadelphia-pa,Unknown,,,
above-the-waves,Above The Waves,1999-04-17,Alley Katz,Richmond,VA,https://discobiscuits.net/shows/1999-04-17-alley-katz-richmond-va,Unknown,,,
above-the-waves,Above The Waves,1999-04-22,Route 20 Club,Palmer,MA,https://discobiscuits.net/shows/1999-04-22-route-20-club-palmer-ma,Unknown,,,
above-the-waves,Above The Waves,1999-04-28,Nietzche S,Buffalo,NY,https://discobiscuits.net/shows/1999-04-28-nietzche-s-buffalo-ny,Unknown,,,
above-the-waves,Above The Waves,1999-05-01,Wetlands Preserve New,York,NY,https://discobiscuits.net/shows/1999-05-01-wetlands-preserve-new-york-ny,Unknown,,,
above-the-waves,Above The Waves,1999-05-04,Asheville Brewing Company,Asheville,NC,https://discobiscuits.net/shows/1999-05-04-asheville-brewing-company-asheville-nc,Unknown,,,
above-the-waves,Above The Waves,1999-05-06,Chameleon Club,Atlanta,GA,https://discobiscuits.net/shows/1999-05-06-chameleon-club-atlanta-ga,Unknown,,,
above-the-waves,Above The Waves,1999-05-11,Blue Terrapin,Elizabethtown,PA,https://discobiscuits.net/shows/1999-05-11-blue-terrapin-elizabethtown-pa,Unknown,,,
above-the-waves,Above The Waves,1999-05-15,Zollman S Pavilion Buffalo Creek Music Festival,Lexington,VA,https://discobiscuits.net/shows/1999-05-15-zollman-s-pavilion-buffalo-creek-music-festival-lexington-va,Unknown,,,
above-the-waves,Above The Waves,1999-05-26,Peddie School,Hightstown,NJ,https://discobiscuits.net/shows/1999-05-26-peddie-school-hightstown-nj,Unknown,,,
above-the-waves,Above The Waves,1999-05-29,Martyr S,Chicago,IL,https://discobiscuits.net/shows/1999-05-29-martyr-s-chicago-il,Unknown,,,
above-the-waves,Above The Waves,1999-06-05,Wetlands Preserve New,York,NY,https://discobiscuits.net/shows/1999-06-05-wetlands-preserve-new-york-ny,Unknown,,,
above-the-waves,Above The Waves,1999-06-10,Ziggy S By The Sea Atlantic,Beach,NC,https://discobiscuits.net/shows/1999-06-10-ziggy-s-by-the-sea-atlantic-beach-nc,Unknown,,,
above-the-waves,Above The Waves,1999-06-12,Music Farm,Charleston,SC,https://discobiscuits.net/shows/1999-06-12-music-farm-charleston-sc,Unknown,,,
above-the-waves,Above The Waves,1999-06-19,Gathering Of The Vibes Seaside Park,Bridgeport,CT,https://discobiscuits.net/shows/1999-06-19-gathering-of-the-vibes-seaside-park-bridgeport-ct,Unknown,,,
above-the-waves,Above The Waves,1999-08-21,Camp Bisco Tunetown Campgrounds,Cherrytree,PA,https://discobiscuits.net/shows/1999-08-21-camp-bisco-tunetown-campgrounds-cherrytree-pa,Unknown,,,
above-the-waves,Above The Waves,1999-09-09,Northern Lights Clifton,Park,NY,https://discobiscuits.net/shows/1999-09-09-northern-lights-clifton-park-ny,Unknown,,,
above-the-waves,Above The Waves,1999-09-14,Wilbert S,Cleveland,OH,https://discobiscuits.net/shows/1999-09-14-wilbert-s-cleveland-oh,Unknown,,,
above-the-waves,Above The Waves,1999-09-21,Finnegan S Pub Kansas,City,MO,https://discobiscuits.net/shows/1999-09-21-finnegan-s-pub-kansas-city-mo,Unknown,,,
above-the-waves,Above The Waves,1999-09-17,Park West,Chicago,IL,https://discobiscuits.net/shows/1999-09-17-park-west-chicago-il,Unknown,,,
above-the-waves,Above The Waves,1999-09-25,Alligator Lounge,Breckenridge,CO,https://discobiscuits.net/shows/1999-09-25-alligator-lounge-breckenridge-co,Unknown,,,
above-the-waves,Above The Waves,1999-09-30,Crystal Ballroom,Portland,OR,https://discobiscuits.net/shows/1999-09-30-crystal-ballroom-portland-or,Unknown,,,
above-the-waves,Above The Waves,1999-10-02,Cafe Tomo,Arcata,CA,https://discobiscuits.net/shows/1999-10-02-cafe-tomo-arcata-ca,Unknown,,,
above-the-waves,Above The Waves,1999-10-06,Palookaville Santa,Cruz,CA,https://discobiscuits.net/shows/1999-10-06-palookaville-santa-cruz-ca,Unknown,,,
above-the-waves,Above The Waves,1999-10-08,Key Club Los,Angeles,CA,https://discobiscuits.net/shows/1999-10-08-key-club-los-angeles-ca,Unknown,,,
above-the-waves,Above The Waves,1999-10-09,Legends Lounge Las,Vegas,NV,https://discobiscuits.net/shows/1999-10-09-legends-lounge-las-vegas-nv,Unknown,,,
above-the-waves,Above The Waves,1999-10-10,Legends Lounge Las,Vegas,NV,https://discobiscuits.net/shows/1999-10-10-legends-lounge-las-vegas-nv,Unknown,,,
above-the-waves,Above The Waves,1999-10-19,Bodega,Auburn,AL,https://discobiscuits.net/shows/1999-10-19-bodega-auburn-al,Unknown,,,
above-the-waves,Above The Waves,1999-10-22,Georgia Theater,Athens,GA,https://discobiscuits.net/shows/1999-10-22-georgia-theater-athens-ga,Unknown,,,
above-the-waves,Above The Waves,1999-10-23,Ziggy S Winston,Salem,NC,https://discobiscuits.net/shows/1999-10-23-ziggy-s-winston-salem-nc,Unknown,,,
above-the-waves,Above The Waves,1999-10-31,Hammerstein Ballroom New,York,NY,https://discobiscuits.net/shows/1999-10-31-hammerstein-ballroom-new-york-ny,Unknown,,,
above-the-waves,Above The Waves,2000-04-21,Middle East,Cambridge,MA,https://discobiscuits.net/shows/2000-04-21-middle-east-cambridge-ma,Unknown,,,
above-the-waves,Above The Waves,2000-05-13,Sandwich High School Auditorium East,Sandwich,MA,https://discobiscuits.net/shows/2000-05-13-sandwich-high-school-auditorium-east-sandwich-ma,Unknown,,,
above-the-waves,Above The Waves,2000-05-19,Zollman S Pavilion Buffalo Creek Music Festival,Lexington,VA,https://discobiscuits.net/shows/2000-05-19-zollman-s-pavilion-buffalo-creek-music-festival-lexington-va,Unknown,,,
above-the-waves,Above The Waves,2000-07-12,Crowbar State,College,PA,https://discobiscuits.net/shows/2000-07-12-crowbar-state-college-pa,Unknown,,,
above-the-waves,Above The Waves,2000-08-19,Croton Point Park Croton On,Hudson,NY,https://discobiscuits.net/shows/2000-08-19-croton-point-park-croton-on-hudson-ny,Unknown,,,
above-the-waves,Above The Waves,2000-08-19,Wetlands Preserve New,York,NY,https://discobiscuits.net/shows/2000-08-19-wetlands-preserve-new-york-ny,Unknown,,,
above-the-waves,Above The Waves,2000-10-07,The Sanctuary Las,Vegas,NV,https://discobiscuits.net/shows/2000-10-07-the-sanctuary-las-vegas-nv,Unknown,,,
above-the-waves,Above The Waves,2000-10-14,Palookaville Santa,Cruz,CA,https://discobiscuits.net/shows/2000-10-14-palookaville-santa-cruz-ca,Unknown,,,
above-the-waves,Above The Waves,2000-10-21,Gothic Theater,Englewood,CO,https://discobiscuits.net/shows/2000-10-21-gothic-theater-englewood-co,Unknown,,,
above-the-waves,Above The Waves,2000-10-26,Metro,Chicago,IL,https://discobiscuits.net/shows/2000-10-26-metro-chicago-il,Unknown,,,
above-the-waves,Above The Waves,2000-11-09,Terrace Club Princeton University,Princeton,NJ,https://discobiscuits.net/shows/2000-11-09-terrace-club-princeton-university-princeton-nj,Unknown,,,
above-the-waves,Above The Waves,2000-11-16,Higher Ground S,Burlington,VT,https://discobiscuits.net/shows/2000-11-16-higher-ground-s-burlington-vt,Unknown,,,
above-the-waves,Above The Waves,2000-11-24,Trocadero,Philadelphia,PA,https://discobiscuits.net/shows/2000-11-24-trocadero-philadelphia-pa,Unknown,,,
above-the-waves,Above The Waves,2000-11-02,Music Farm,Charleston,SC,https://discobiscuits.net/shows/2000-11-02-music-farm-charleston-sc,Unknown,,,
above-the-waves,Above The Waves,2000-12-27,The Silo,Reading,PA,https://discobiscuits.net/shows/2000-12-27-the-silo-reading-pa,Unknown,,,
above-the-waves,Above The Waves,2001-03-22,Palookaville Santa,Cruz,CA,https://discobiscuits.net/shows/2001-03-22-palookaville-santa-cruz-ca,Unknown,,,
above-the-waves,Above The Waves,2001-04-01,Fox Theatre,Boulder,CO,https://discobiscuits.net/shows/2001-04-01-fox-theatre-boulder-co,Unknown,,,
above-the-waves,Above The Waves,2001-04-07,The Majestic,Detroit,MI,https://discobiscuits.net/shows/2001-04-07-the-majestic-detroit-mi,Unknown,,,
above-the-waves,Above The Waves,2001-04-15,Electric Factory,Philadelphia,PA,https://discobiscuits.net/shows/2001-04-15-electric-factory-philadelphia-pa,Unknown,,,
above-the-waves,Above The Waves,2001-04-16,Wetlands Preserve New,York,NY,https://discobiscuits.net/shows/2001-04-16-wetlands-preserve-new-york-ny,Unknown,,,
above-the-waves,Above The Waves,2001-04-21,9 30 Club,Washington,DC,https://discobiscuits.net/shows/2001-04-21-9-30-club-washington-dc,Unknown,,,
above-the-waves,Above The Waves,2001-04-28,Howlin Wolf New,Orleans,LA,https://discobiscuits.net/shows/2001-04-28-howlin-wolf-new-orleans-la,Unknown,,,
above-the-waves,Above The Waves,2001-05-03,La Zona Rosa,Austin,TX,https://discobiscuits.net/shows/2001-05-03-la-zona-rosa-austin-tx,Unknown,,,
above-the-waves,Above The Waves,2001-05-08,Crystal Ballroom,Portland,OR,https://discobiscuits.net/shows/2001-05-08-crystal-ballroom-portland-or,Unknown,,,
above-the-waves,Above The Waves,2001-06-29,Gathering Of The Vibes Red,Hook,NY,https://discobiscuits.net/shows/2001-06-29-gathering-of-the-vibes-red-hook-ny,Unknown,,,
above-the-waves,Above The Waves,2001-06-30,Greek Theater,Berkeley,CA,https://discobiscuits.net/shows/2001-06-30-greek-theater-berkeley-ca,Unknown,,,
above-the-waves,Above The Waves,2001-09-01,Wetlands Preserve New,York,NY,https://discobiscuits.net/shows/2001-09-01-wetlands-preserve-new-york-ny,Unknown,,,
above-the-waves,Above The Waves,2001-09-07,Saratoga Winners,Cohoes,NY,https://discobiscuits.net/shows/2001-09-07-saratoga-winners-cohoes-ny,Unknown,,,
above-the-waves,Above The Waves,2001-11-02,Crystal Ballroom,Portland,OR,https://discobiscuits.net/shows/2001-11-02-crystal-ballroom-portland-or,Unknown,,,
above-the-waves,Above The Waves,2002-03-08,Whisky A Go Go Los,Angeles,CA,https://discobiscuits.net/shows/2002-03-08-whisky-a-go-go-los-angeles-ca,Unknown,,,
above-the-waves,Above The Waves,2003-08-15,Trade Music Festival Farm,Trade,TN,https://discobiscuits.net/shows/2003-08-15-trade-music-festival-farm-trade-tn,Unknown,,,
above-the-waves,Above The Waves,2007-05-20,Town Ballroom,Buffalo,NY,https://discobiscuits.net/shows/2007-05-20-town-ballroom-buffalo-ny,Unknown,,,
above-the-waves,Above The Waves,2008-03-22,Pumpehuset,Copenhagen,DENMARK,https://discobiscuits.net/shows/2008-03-22-pumpehuset-copenhagen-denmark,Unknown,,,
above-the-waves,Above The Waves,2008-04-11,Nokia Theater New,York,NY,https://discobiscuits.net/shows/2008-04-11-nokia-theater-new-york-ny,Unknown,,,
above-the-waves,Above The Waves,2008-12-14,Caribbean Holidaze Runaway,Bay,JAMAICA,https://discobiscuits.net/shows/2008-12-14-caribbean-holidaze-runaway-bay-jamaica,Unknown,,,
above-the-waves,Above The Waves,2008-12-28,Nokia Theater New,York,NY,https://discobiscuits.net/shows/2008-12-28-nokia-theater-new-york-ny,Unknown,,,
above-the-waves,Above The Waves,2009-04-24,Madison Theater,Covington,KY,https://discobiscuits.net/shows/2009-04-24-madison-theater-covington-ky,Unknown,,,
above-the-waves,Above The Waves,2009-06-24,Bottle Cork Dewey,Beach,DE,https://discobiscuits.net/shows/2009-06-24-bottle-cork-dewey-beach-de,Unknown,,,
above-the-waves,Above The Waves,2009-12-31,Nokia Theater New,York,NY,https://discobiscuits.net/shows/2009-12-31-nokia-theater-new-york-ny,Unknown,,,
above-the-waves,Above The Waves,2010-09-10,Mountain Park,Holyoke,MA,https://discobiscuits.net/shows/2010-09-10-mountain-park-holyoke-ma,Unknown,,,
above-the-waves,Above The Waves,2016-03-26,The Capitol Theater Port,Chester,NY,https://discobiscuits.net/shows/2016-03-26-the-capitol-theater-port-chester-ny,Unknown,,,
above-the-waves,Above The Waves,2022-11-19,The Eastern,Atlanta,GA,https://discobiscuits.net/shows/2022-11-19-the-eastern-atlanta-ga,Unknown,,,
above-the-waves,Above The Waves,2025-07-10,Summer Stage At Tree House,Charlton,MA,https://discobiscuits.net/shows/2025-07-10-summer-stage-at-tree-house-charlton-ma,Unknown,,,
abraxas,Abraxas,2006-04-18,Starr Hill,Charlottesville,VA,https://discobiscuits.net/shows/2006-04-18-starr-hill-charlottesville-va,Unknown,,,
abraxas,Abraxas,2006-04-22,Neighborhood Theater,Charlotte,NC,https://discobiscuits.net/shows/2006-04-22-neighborhood-theater-charlotte-nc,Unknown,,,
abraxas,Abraxas,2006-04-29,Georgia Theater,Athens,GA,https://discobiscuits.net/shows/2006-04-29-georgia-theater-athens-ga,Unknown,,,
abraxas,Abraxas,2006-05-05,Vic Theatre,Chicago,IL,https://discobiscuits.net/shows/2006-05-05-vic-theatre-chicago-il,Unknown,,,
abraxas,Abraxas,2006-05-13,The Palace Theatre,Albany,NY,https://discobiscuits.net/shows/2006-05-13-the-palace-theatre-albany-ny,Unknown,,,
abraxas,Abraxas,2006-05-27,Penn S Landing,Philadelphia,PA,https://discobiscuits.net/shows/2006-05-27-penn-s-landing-philadelphia-pa,Unknown,,,
abraxas,Abraxas,2006-06-10,The Lawn White River State Park,Indianapolis,IN,https://discobiscuits.net/shows/2006-06-10-the-lawn-white-river-state-park-indianapolis-in,Unknown,,,
abraxas,Abraxas,2006-06-16,Bonnaroo Music Festival,Manchester,TN,https://discobiscuits.net/shows/2006-06-16-bonnaroo-music-festival-manchester-tn,Unknown,,,
abraxas,Abraxas,2006-06-24,Ft Armistead Park,Baltimore,MD,https://discobiscuits.net/shows/2006-06-24-ft-armistead-park-baltimore-md,Unknown,,,
abraxas,Abraxas,2006-07-01,Plumas Country Fairgrounds,Quincy,CA,https://discobiscuits.net/shows/2006-07-01-plumas-country-fairgrounds-quincy-ca,Unknown,,,
abraxas,Abraxas,2006-04-14,Higher Ground S,Burlington,VT,https://discobiscuits.net/shows/2006-04-14-higher-ground-s-burlington-vt,Unknown,,,
abraxas,Abraxas,2006-08-26,Hunter Mountain Ski Lodge,Hunter,NY,https://discobiscuits.net/shows/2006-08-26-hunter-mountain-ski-lodge-hunter-ny,Unknown,,,
abraxas,Abraxas,2006-11-01,State Theater,Ithaca,NY,https://discobiscuits.net/shows/2006-11-01-state-theater-ithaca-ny,Unknown,,,
abraxas,Abraxas,2006-11-08,Mr Small S Funhouse,Pittsburgh,PA,https://discobiscuits.net/shows/2006-11-08-mr-small-s-funhouse-pittsburgh-pa,Unknown,,,
abraxas,Abraxas,2006-11-11,Newport Music Hall,Columbus,OH,https://discobiscuits.net/shows/2006-11-11-newport-music-hall-columbus-oh,Unknown,,,
abraxas,Abraxas,2006-11-16,Canopy Club,Urbana,IL,https://discobiscuits.net/shows/2006-11-16-canopy-club-urbana-il,Unknown,,,
abraxas,Abraxas,2006-11-21,The New Daisy Theater,Memphis,TN,https://discobiscuits.net/shows/2006-11-21-the-new-daisy-theater-memphis-tn,Unknown,,,
abraxas,Abraxas,2006-12-06,The Roxy,Hollywood,CA,https://discobiscuits.net/shows/2006-12-06-the-roxy-hollywood-ca,Unknown,,,
abraxas,Abraxas,2007-01-06,The Open Seas Msc Opera Ft,Lauderdale,FL,https://discobiscuits.net/shows/2007-01-06-the-open-seas-msc-opera-ft-lauderdale-fl,Unknown,,,
abraxas,Abraxas,2007-03-09,The Revolution Fort,Lauderdale,FL,https://discobiscuits.net/shows/2007-03-09-the-revolution-fort-lauderdale-fl,Unknown,,,
abraxas,Abraxas,2007-03-24,Olympic Center Lake,Placid,NY,https://discobiscuits.net/shows/2007-03-24-olympic-center-lake-placid-ny,Unknown,,,
abraxas,Abraxas,2007-04-20,Ontourage,Chicago,IL,https://discobiscuits.net/shows/2007-04-20-ontourage-chicago-il,Unknown,,,
abraxas,Abraxas,2007-06-08,Sonar Lounge,Baltimore,MD,https://discobiscuits.net/shows/2007-06-08-sonar-lounge-baltimore-md,Unknown,,,
abraxas,Abraxas,2007-06-26,Chameleon Club,Lancaster,PA,https://discobiscuits.net/shows/2007-06-26-chameleon-club-lancaster-pa,Unknown,,,
abraxas,Abraxas,2007-07-15,Trancegression Copper,Mountain,CO,https://discobiscuits.net/shows/2007-07-15-trancegression-copper-mountain-co,Unknown,,,
abraxas,Abraxas,2007-07-22,The Independent San,Francisco,CA,https://discobiscuits.net/shows/2007-07-22-the-independent-san-francisco-ca,Unknown,,,
abraxas,Abraxas,2007-08-15,Mccarren Park Pool,Williamsburg,NY,https://discobiscuits.net/shows/2007-08-15-mccarren-park-pool-williamsburg-ny,Unknown,,,
abraxas,Abraxas,2007-10-17,Bogart S,Cincinnati,OH,https://discobiscuits.net/shows/2007-10-17-bogart-s-cincinnati-oh,Unknown,,,
abraxas,Abraxas,2007-10-23,Legends,Boone,NC,https://discobiscuits.net/shows/2007-10-23-legends-boone-nc,Unknown,,,
abraxas,Abraxas,2007-10-27,The F M Kirby Center Wilkes,Barre,PA,https://discobiscuits.net/shows/2007-10-27-the-f-m-kirby-center-wilkes-barre-pa,Unknown,,,
abraxas,Abraxas,2007-11-03,House Of Blues,Cleveland,OH,https://discobiscuits.net/shows/2007-11-03-house-of-blues-cleveland-oh,Unknown,,,
abraxas,Abraxas,2007-12-14,Caribbean Holidaze Runaway,Bay,JAMAICA,https://discobiscuits.net/shows/2007-12-14-caribbean-holidaze-runaway-bay-jamaica,Unknown,,,
abraxas,Abraxas,2007-12-27,Theater Of The Living Arts,Philadelphia,PA,https://discobiscuits.net/shows/2007-12-27-theater-of-the-living-arts-philadelphia-pa,Unknown,,,
abraxas,Abraxas,2008-01-17,Boulder Theater,Boulder,CO,https://discobiscuits.net/shows/2008-01-17-boulder-theater-boulder-co,Unknown,,,
abraxas,Abraxas,2008-03-13,King Tut S Wah Wah Hut,Glasgow,SCOTLAND,https://discobiscuits.net/shows/2008-03-13-king-tut-s-wah-wah-hut-glasgow-scotland,Unknown,,,
abraxas,Abraxas,2008-03-17,The Max,Amsterdam,HOLLAND,https://discobiscuits.net/shows/2008-03-17-the-max-amsterdam-holland,Unknown,,,
abraxas,Abraxas,2008-04-03,Higher Ground S,Burlington,VT,https://discobiscuits.net/shows/2008-04-03-higher-ground-s-burlington-vt,Unknown,,,
abraxas,Abraxas,2008-04-15,State Theater Falls,Church,VA,https://discobiscuits.net/shows/2008-04-15-state-theater-falls-church-va,Unknown,,,
abraxas,Abraxas,2008-06-09,Norva Theater,Norfolk,VA,https://discobiscuits.net/shows/2008-06-09-norva-theater-norfolk-va,Unknown,,,
abraxas,Abraxas,2008-07-18,Indian Lookout Country Club,Mariaville,NY,https://discobiscuits.net/shows/2008-07-18-indian-lookout-country-club-mariaville-ny,Unknown,,,
abraxas,Abraxas,2008-12-28,Nokia Theater New,York,NY,https://discobiscuits.net/shows/2008-12-28-nokia-theater-new-york-ny,Unknown,,,
abraxas,Abraxas,2009-01-18,The Town Ballroom,Buffalo,NY,https://discobiscuits.net/shows/2009-01-18-the-town-ballroom-buffalo-ny,Unknown,,,
abraxas,Abraxas,2009-01-23,First Avenue,Minneapolis,MN,https://discobiscuits.net/shows/2009-01-23-first-avenue-minneapolis-mn,Unknown,,,
abraxas,Abraxas,2009-01-31,The Tabernacle,Atlanta,GA,https://discobiscuits.net/shows/2009-01-31-the-tabernacle-atlanta-ga,Unknown,,,
abraxas,Abraxas,2009-02-07,House Of Blues,Houston,TX,https://discobiscuits.net/shows/2009-02-07-house-of-blues-houston-tx,Unknown,,,
abraxas,Abraxas,2009-02-13,Ogden Theater,Denver,CO,https://discobiscuits.net/shows/2009-02-13-ogden-theater-denver-co,Unknown,,,
abraxas,Abraxas,2009-02-28,House Of Blues,Boston,MA,https://discobiscuits.net/shows/2009-02-28-house-of-blues-boston-ma,Unknown,,,
abraxas,Abraxas,2009-04-03,The Fillmore San,Francisco,CA,https://discobiscuits.net/shows/2009-04-03-the-fillmore-san-francisco-ca,Unknown,,,
abraxas,Abraxas,2009-04-20,9 30 Club,Washington,DC,https://discobiscuits.net/shows/2009-04-20-9-30-club-washington-dc,Unknown,,,
abraxas,Abraxas,2009-06-06,Ft Armistead Park,Baltimore,MD,https://discobiscuits.net/shows/2009-06-06-ft-armistead-park-baltimore-md,Unknown,,,
abraxas,Abraxas,2009-06-24,Bottle Cork Dewey,Beach,DE,https://discobiscuits.net/shows/2009-06-24-bottle-cork-dewey-beach-de,Unknown,,,
abraxas,Abraxas,2009-11-20,The Fillmore San,Francisco,CA,https://discobiscuits.net/shows/2009-11-20-the-fillmore-san-francisco-ca,Unknown,,,
abraxas,Abraxas,2009-12-26,Nokia Theater New,York,NY,https://discobiscuits.net/shows/2009-12-26-nokia-theater-new-york-ny,Unknown,,,
abraxas,Abraxas,2010-01-28,Fox Theatre,Boulder,CO,https://discobiscuits.net/shows/2010-01-28-fox-theatre-boulder-co,Unknown,,,
abraxas,Abraxas,2010-06-02,Beaumont Club Kansas,City,MO,https://discobiscuits.net/shows/2010-06-02-beaumont-club-kansas-city-mo,Unknown,,,
abraxas,Abraxas,2010-07-16,Indian Lookout Country Club,Mariaville,NY,https://discobiscuits.net/shows/2010-07-16-indian-lookout-country-club-mariaville-ny,Unknown,,,
abraxas,Abraxas,2010-08-28,Verizon Wireless Amphitheatre At Encore Park,Alpharetta,GA,https://discobiscuits.net/shows/2010-08-28-verizon-wireless-amphitheatre-at-encore-park-alpharetta-ga,Unknown,,,
abraxas,Abraxas,2010-09-04,Apache Pass,Rockdale,TX,https://discobiscuits.net/shows/2010-09-04-apache-pass-rockdale-tx,Unknown,,,
abraxas,Abraxas,2010-10-31,Charlottesville Pavilion,Charlottesville,PA,https://discobiscuits.net/shows/2010-10-31-charlottesville-pavilion-charlottesville-pa,Unknown,,,
abraxas,Abraxas,2011-01-16,Ogden Theater,Denver,CO,https://discobiscuits.net/shows/2011-01-16-ogden-theater-denver-co,Unknown,,,
abraxas,Abraxas,2011-03-27,Bicentennial Park,Miami,FL,https://discobiscuits.net/shows/2011-03-27-bicentennial-park-miami-fl,Unknown,,,
abraxas,Abraxas,2011-08-14,Pnc Bank Arts Center,Holmdel,NJ,https://discobiscuits.net/shows/2011-08-14-pnc-bank-arts-center-holmdel-nj,Unknown,,,
abraxas,Abraxas,2011-08-21,Nikon At Jones Beach Amphitheatre,Wantagh,NY,https://discobiscuits.net/shows/2011-08-21-nikon-at-jones-beach-amphitheatre-wantagh-ny,Unknown,,,
abraxas,Abraxas,2011-08-28,Gexa Energy Pavilion,Dallas,TX,https://discobiscuits.net/shows/2011-08-28-gexa-energy-pavilion-dallas-tx,Unknown,,,
abraxas,Abraxas,2012-07-05,9 30 Club,Washington,DC,https://discobiscuits.net/shows/2012-07-05-9-30-club-washington-dc,Unknown,,,
abraxas,Abraxas,2012-12-26,Best Buy Theater New,York,NY,https://discobiscuits.net/shows/2012-12-26-best-buy-theater-new-york-ny,Unknown,,,
abraxas,Abraxas,2013-04-25,Boulder Theater,Boulder,CO,https://discobiscuits.net/shows/2013-04-25-boulder-theater-boulder-co,Unknown,,,
abraxas,Abraxas,2013-07-11,Indian Lookout Country Club,Mariaville,NY,https://discobiscuits.net/shows/2013-07-11-indian-lookout-country-club-mariaville-ny,Unknown,,,
abraxas,Abraxas,2014-01-24,Ogden Theater,Denver,CO,https://discobiscuits.net/shows/2014-01-24-ogden-theater-denver-co,Unknown,,,
abraxas,Abraxas,2014-08-01,9 30 Club,Washington,DC,https://discobiscuits.net/shows/2014-08-01-9-30-club-washington-dc,Unknown,,,
abraxas,Abraxas,2014-12-31,Best Buy Theater New,York,NY,https://discobiscuits.net/shows/2014-12-31-best-buy-theater-new-york-ny,Unknown,,,
abraxas,Abraxas,2015-12-03,Dominican Holidaze Breathless Punta Cana Resort Spa Carretera Uvero Alto,Dominican,REPUBLIC,https://discobiscuits.net/shows/2015-12-03-dominican-holidaze-breathless-punta-cana-resort-spa-carretera-uvero-alto-dominican-republic,Unknown,,,
abraxas,Abraxas,2016-08-18,Irving Plaza New,York,NY,https://discobiscuits.net/shows/2016-08-18-irving-plaza-new-york-ny,Unknown,,,
abraxas,Abraxas,2016-12-31,The Tabernacle,Atlanta,GA,https://discobiscuits.net/shows/2016-12-31-the-tabernacle-atlanta-ga,Unknown,,,
abraxas,Abraxas,2017-02-02,The Fillmore,Philadelphia,PA,https://discobiscuits.net/shows/2017-02-02-the-fillmore-philadelphia-pa,Unknown,,,
abraxas,Abraxas,2017-05-26,Maine State Pier,Portland,ME,https://discobiscuits.net/shows/2017-05-26-maine-state-pier-portland-me,Unknown,,,
abraxas,Abraxas,2017-09-21,Irving Plaza New,York,NY,https://discobiscuits.net/shows/2017-09-21-irving-plaza-new-york-ny,Unknown,,,
abraxas,Abraxas,2017-11-16,Fox Theatre,Boulder,CO,https://discobiscuits.net/shows/2017-11-16-fox-theatre-boulder-co,Unknown,,,
abraxas,Abraxas,2018-01-12,9 30 Club,Washington,DC,https://discobiscuits.net/shows/2018-01-12-9-30-club-washington-dc,Unknown,,,
abraxas,Abraxas,2018-04-21,The Fillmore,Philadelphia,PA,https://discobiscuits.net/shows/2018-04-21-the-fillmore-philadelphia-pa,Unknown,,,
abraxas,Abraxas,2018-07-14,The Pavilion At Montage Mountain,Scranton,PA,https://discobiscuits.net/shows/2018-07-14-the-pavilion-at-montage-mountain-scranton-pa,Unknown,,,
abraxas,Abraxas,2018-11-03,Brooklyn Bowl Las Vegas Las,Vegas,NV,https://discobiscuits.net/shows/2018-11-03-brooklyn-bowl-las-vegas-las-vegas-nv,Unknown,,,
abraxas,Abraxas,2019-02-01,The Capitol Theater Port,Chester,NY,https://discobiscuits.net/shows/2019-02-01-the-capitol-theater-port-chester-ny,Unknown,,,
abraxas,Abraxas,2019-05-24,Ogden Theater,Denver,CO,https://discobiscuits.net/shows/2019-05-24-ogden-theater-denver-co,Unknown,,,
abraxas,Abraxas,2019-11-20,Higher Ground S,Burlington,VT,https://discobiscuits.net/shows/2019-11-20-higher-ground-s-burlington-vt,Unknown,,,
abraxas,Abraxas,2019-12-27,Playstation Theater New,York,NY,https://discobiscuits.net/shows/2019-12-27-playstation-theater-new-york-ny,Unknown,,,
abraxas,Abraxas,2020-10-25,Showtime At The Drive In,Frederick,MD,https://discobiscuits.net/shows/2020-10-25-showtime-at-the-drive-in-frederick-md,Unknown,,,
abraxas,Abraxas,2020-10-31,Lafayette Apple Festival Grounds,Lafayette,NY,https://discobiscuits.net/shows/2020-10-31-lafayette-apple-festival-grounds-lafayette-ny,Unknown,,,
abraxas,Abraxas,2021-05-29,Red Rocks Amphitheater,Morrison,CO,https://discobiscuits.net/shows/2021-05-29-red-rocks-amphitheater-morrison-co,Unknown,,,
abraxas,Abraxas,2021-04-03,The Caverns Above Ground Amphitheater,Pelham,TN,https://discobiscuits.net/shows/2021-04-03-the-caverns-above-ground-amphitheater-pelham-tn,Unknown,,,
abraxas,Abraxas,2021-07-10,Mann Center For The Performing Arts,Philadelphia,PA,https://discobiscuits.net/shows/2021-07-10-mann-center-for-the-performing-arts-philadelphia-pa,Unknown,,,
abraxas,Abraxas,2021-10-29,Brooklyn Bowl,Brooklyn,NY,https://discobiscuits.net/shows/2021-10-29-brooklyn-bowl-brooklyn-ny,Unknown,,,
abraxas,Abraxas,2021-12-04,Now Sapphire Resort Puerto,Morelos,MEXICO,https://discobiscuits.net/shows/2021-12-04-now-sapphire-resort-puerto-morelos-mexico,Unknown,,,
abraxas,Abraxas,2022-03-04,Sherman Theater,Stroudsburg,PA,https://discobiscuits.net/shows/2022-03-04-sherman-theater-stroudsburg-pa,Unknown,,,
abraxas,Abraxas,2022-04-08,Mission Ballroom,Denver,CO,https://discobiscuits.net/shows/2022-04-08-mission-ballroom-denver-co,Unknown,,,
abraxas,Abraxas,2022-05-08,Joy Theater New,Orleans,LA,https://discobiscuits.net/shows/2022-05-08-joy-theater-new-orleans-la,Unknown,,,
abraxas,Abraxas,2022-07-01,Plumas Country Fairgrounds,Quincy,CA,https://discobiscuits.net/shows/2022-07-01-plumas-country-fairgrounds-quincy-ca,Unknown,,,
abraxas,Abraxas,2022-09-09,Southside Stage Xl Live,Harrisburg,PA,https://discobiscuits.net/shows/2022-09-09-southside-stage-xl-live-harrisburg-pa,Unknown,,,
abraxas,Abraxas,2023-01-20,Penn S Peak Jim,Thorpe,PA,https://discobiscuits.net/shows/2023-01-20-penn-s-peak-jim-thorpe-pa,Unknown,,,
abraxas,Abraxas,2024-09-08,Mishawaka Amphitheater,Bellvue,CO,https://discobiscuits.net/shows/2024-09-08-mishawaka-amphitheater-bellvue-co,Unknown,,,
